HF,Top Floor Front Left
E,Top Floor Front Left
F,Top Floor Front Left
PS,Top Floor Back Right
CC,Middle Floor
N,Top Floor Back Left
QB,Top Floor Front Right
QP,Top Floor Front Right
RB,Top Floor Front Right
QH,Top Floor Front Right
QR,Top Floor Front Right
RB,Top Floor Front Right
QK,Top Floor Front Right
S,Top Floor Front Right
DA,Middle Floor
HD,Top Floor Front Left
HE,Top Floor Front Left
HF,Top Floor Front Left
QD,Top Floor Front Right
PL,Top Floor Back Right
QA,Top Floor Front Right
TK,Top Floor Front Right
RC,Top Floor Front Right
HV,Top Floor Back Left
QH,Top Floor Front Right
HA,Top Floor Front Left
HB,Top Floor Front Left
HC,Top Floor Front Left
HD,Top Floor Front Left
HE,Top Floor Front Left
HF,Top Floor Front Left
HG,Top Floor Front Left
HH,Top Floor Front Left
HI,Top Floor Front Left
HJ,Top Floor Front Left
L,Top Floor Back Left
PE,Top Floor Back Right
PR,Top Floor Back Right
GE,Top Floor Front Left
GF,Top Floor Front Left
PN,Top Floor Back Right
HG,Top Floor Front Left
HH,Top Floor Front Left
HI,Top Floor Front Left
HJ,Top Floor Front Left
HV,Top Floor Back Left
PC,Top Floor Back Right
G,Top Floor Front Left
GA,Top Floor Front Left
GB,Top Floor Front Left
GC,Top Floor Front Left
GD,Top Floor Front Left
GE,Top Floor Front Left
GF,Top Floor Front Left
QE,Top Floor Front Right
PF,Top Floor Back Right
D,Middle Floor
QM,Top Floor Front Right
QN,Top Floor Front Right
QO,Top Floor Front Right
QP,Top Floor Front Right
QQ,Top Floor Front Right
QR,Top Floor Front Right
HD,Top Floor Front Left
HE,Top Floor Front Left
HF,Top Floor Front Left
JX,Ground Floor
JZ,Ground Floor
PC,Top Floor Back Right
PL,Top Floor Back Right
K,Ground Floor
HD,Top Floor Front Left
HE,Top Floor Front Left
HF,Top Floor Front Left
QA,Top Floor Front Right
P,Top Floor Back Right
QP,Top Floor Front Right
R,Top Floor Front Right
RA,Top Floor Front Right
RB,Top Floor Front Right
RC,Top Floor Front Right
MT,Reserved Area
ML,Reserved Area
RC,Top Floor Front Right
RI,Top Floor Front Right
RM,Top Floor Front Right
RS,Top Floor Front Right
B,Middle Floor
BA,Middle Floor
BB,Middle Floor
BC,Middle Floor
BD,Middle Floor
BE,Middle Floor
BF,Middle Floor
BG,Middle Floor
BH,Middle Floor
BI,Middle Floor
BJ,Middle Floor
QC,Top Floor Front Right
QP,Top Floor Front Right
RM,Top Floor Front Right
J,Top Floor Back Left
JA,Top Floor Back Left
JB,Top Floor Back Left
JC,Top Floor Back Left
JD,Top Floor Back Left
JE,Top Floor Back Left
JF,Top Floor Back Left
JG,Top Floor Back Left
JH,Top Floor Back Left
JI,Top Floor Back Left
JJ,Top Floor Back Left
JK,Top Floor Back Left
JL,Top Floor Back Left
JM,Top Floor Back Left
JN,Top Floor Back Left
JO,Top Floor Back Left
JP,Top Floor Back Left
JQ,Top Floor Back Left
JR,Top Floor Back Left
JS,Top Floor Back Left
JT,Top Floor Back Left
JU,Top Floor Back Left
JV,Top Floor Back Left
JW,Top Floor Back Left
JX,Top Floor Back Left
BF,Middle Floor
RC,Top Floor Front Right
BL,Middle Floor
BM,Middle Floor
BN,Middle Floor
BO,Middle Floor
BP,Middle Floor
BQ,Middle Floor
BR,Middle Floor
BS,Middle Floor
BT,Middle Floor
BU,Middle Floor
BV,Middle Floor
BW,Middle Floor
BX,Middle Floor
PG,Top Floor Back Right
HV,Top Floor Back Left
HM,Top Floor Back Left
HN,Top Floor Back Left
HO,Top Floor Back Left
HP,Top Floor Back Left
HQ,Top Floor Back Left
HR,Top Floor Back Left
HS,Top Floor Back Left
HT,Top Floor Back Left
PC,Top Floor Back Right
SF,Top Floor Front Right
